{
	"name": "GUI_Unifyer",
	"version": "1.11.4",
	"title": "GUI Unifyer",
	"description": "Forces mod buttons to look uniform and aligned, harminizes icons, and adds visual options for buttons.\n\nSupports more than 100 mods: Factory Planner, Helmod, Module Inserter, Placeables, Bob's mods, Pyanodon, Schall's mods, Todo List, Creative Mod, BeastFinder, Bob's mods, Blueprint-request, CleanMap, Death Counter, FJEI, 248k, Hive Mind, Outpost Planner, Silo Stats, Attila Zoom, Zoom, Auto Trash, Homeworld, Teleportation, RPG, Trashcan, Kuxynator's mods, Factorissimo2...",
	"author": "snouz",
	"homepage": "https://mods.factorio.com/mod/GUI_Unifyer",
	"factorio_version": "1.1",
	"dependencies": [ 
		"base >= 1.1.0",
		"?factoryplanner",
		"?helmod",
		"?ModuleInserter",
		"?Placeables",
		"?Todo-List",
		"?what-is-it-really-used-for",
		"?creative-mod",
		"?BeastFinder",
		"?blueprint-request",
		"?bobclasses",
		"?bobinserters",
		"?boblogistics",
		"?CleanMap",
		"?Death_Counter",
		"?DeleteEmptyChunks",
		"?ingteb",
		"?OutpostPlanner",
		"?quickbarimportexport",
		"?rocket-silo-stats",
		"?SchallSatelliteController",
		"?actual-craft-times-remade",
		"?AttilaZoomMod",
		"?AutoTrash",
		"?BetterBotsFixed",
		"?BlueprintAlignment",
		"?ChangeMapSettings",
		"?DoingThingsByHand",
		"?FacAutoScreenshot",
		"?Factorissimo2",
		"?space-factorissimo-updated",
		"?KillLostBots",
		"?kraskaska-total-raw-resources-calc",
		"?Kux-CraftingTools",
		"?Kux-OrbitalIonCannon",
		"?LandfillEverything",
		"?LandfillEverythingButTrains",
		"?LandfillEverythingU",
		"?markers",
		"?Not_Enough_Todo",
		"?osha_hot_swap",
		"?PickerInventoryTools",
		"?Powered_Entities",
		"?research-counter",
		"?Rich_Text_Helper",
		"?RitnTeleportation",
		"?solar-calc",
		"?SolarRatio",
		"?SpaceMod",
		"?TheFatController",
		"?TogglePeacefulMode",
		"?train-log",
		"?train-pubsub",
		"?upgrade-planner-next",
		"?whats-missing",
		"?PicksRocketStats",
		"?SchallRailwayController",
		"?BlackMarket2",
		"?informatron",
		"?space-exploration",
		"?CommuGuideMod",
		"?blueprint_flip_and_turn",
		"?FJEI",
		"?ToggleSpeedBoost",
		"?248k",
		"?BlueprintAlignment",
		"?CargoTrainManager",
		"?clusterio",
		"?Cursed-Exp",
		"?default-wait-conditions",
		"?diplomacy",
		"?Electronic_Locomotives",
		"?forces",
		"?Hive_Mind",
		"?Hive_Mind_Remastered",
		"?howfardiditgo",
		"?Kux-BlueprintEditor",
		"?Kux-HandcraftGhosts",
		"?Logistic-Machines",
		"?LogisticRequestManager",
		"?region-cloner",
		"?ResetEvolutionPollution",
		"?SchallOreConversion",
		"?Shuttle_Train_Continued",
		"?Simple_Circuit_Trains",
		"?smartchest",
		"?TeamCoop",
		"?homeworld_redux",
		"?Asteroid_Mining",
		"?m-lawful-evil",
		"?Trashcan",
		"?pycoalprocessing",
		"?usage-detector",
		"?RPG",
		"?SpawnControl",
		"?TimedSpawnControl",
		"?what-is-missing",
		"?advanced-logistics-system-fork",
		"?some-zoom",
		"?production-monitor",
		"?Teleportation_Redux",
		"?PersonalTeleporter",
		"?SchallEndgameEvolution",
		"?Nullius",
		"?inserter-throughput",
		"?YARM",
		"?NewGamePlus",
		"?RecExplo",
		"?BlueprintLab_design",
		"?billbo99_factorio_tweaks",
		"?SkyWaveDefense",
		"?NonWaveDefense2",
		"?remote-switch",
		"?spidersentinel",
		"?TSM-outpost-builder",
		"?CredoTimeLapseModByGalapagon"
	]
}
