{
	"name": "GUI_Unifyer",
	"version": "1.10.4",
	"title": "GUI Unifyer",
	"description": "Forces mod buttons to look uniform and aligned, harminizes icons.\n\nSupports about 100 mods (so far) : Factory Planner, Helmod, Module Inserter, Placeables, Todo List, What Is It Really Used For, Creative Mod, BeastFinder, Bob's mods, Blueprint-request, CleanMap, DeleteEmptyChunks, Death Counter, Ingame Technology Browser, Outpost Planner, Quickbar Import/Export, Rocket Silo Stats, Schall Satellite Controller, Actual Craft Times Remade, Attila Zoom Mod, Auto Trash, Better Bots Technologies, Change Map Settings, Doing Things By Hand, Kill Lost Bots, Markers, Screenshot Toolkit, Factorissimo2, Kraskaska's Technology Total Raw Resources Calc, Crafting Tools, Orbital Ion Cannon (SE Edition), Landfill Everything, Not Enough Todo, OSHA Hot Swap, Picker Inventory Tools, Powered Entities, Research Counter, Rich Text Helper, RitnTeleportation, Solar Calculator, Solar Ratio Calculator, Space Extension Mod (SpaceX), The Fat Controller, Toggle Peaceful Mode, Train Log, Train Supply Manager (TSM), Upgrade Builder and Planner, What's Missing?",
	"author": "snouz",
	"homepage": "https://mods.factorio.com/mod/GUI_Unifyer",
	"factorio_version": "1.1",
	"dependencies": [ 
		"base >= 1.1.0",
		"?factoryplanner",
		"?helmod",
		"?ModuleInserter",
		"?Placeables",
		"?Todo-List",
		"?what-is-it-really-used-for",
		"?creative-mod",
		"?BeastFinder",
		"?blueprint-request",
		"?bobclasses",
		"?bobinserters",
		"?boblogistics",
		"?CleanMap",
		"?Death_Counter",
		"?DeleteEmptyChunks",
		"?ingteb",
		"?OutpostPlanner",
		"?quickbarimportexport",
		"?rocket-silo-stats",
		"?SchallSatelliteController",
		"?actual-craft-times-remade",
		"?AttilaZoomMod",
		"?AutoTrash",
		"?BetterBotsFixed",
		"?BlueprintAlignment",
		"?ChangeMapSettings",
		"?DoingThingsByHand",
		"?FacAutoScreenshot",
		"?Factorissimo2",
		"?space-factorissimo-updated",
		"?KillLostBots",
		"?kraskaska-total-raw-resources-calc",
		"?Kux-CraftingTools",
		"?Kux-OrbitalIonCannon",
		"?LandfillEverything",
		"?LandfillEverythingButTrains",
		"?LandfillEverythingU",
		"?markers",
		"?Not_Enough_Todo",
		"?osha_hot_swap",
		"?PickerInventoryTools",
		"?Powered_Entities",
		"?research-counter",
		"?Rich_Text_Helper",
		"?RitnTeleportation",
		"?solar-calc",
		"?SolarRatio",
		"?SpaceMod",
		"?TheFatController",
		"?TogglePeacefulMode",
		"?train-log",
		"?train-pubsub",
		"?upgrade-planner-next",
		"?whats-missing",
		"?SchallRailwayController",
		"?BlackMarket2",
		"?informatron",
		"?space-exploration",
		"?CommuGuideMod",
		"?blueprint_flip_and_turn",
		"?FJEI",
		"?ToggleSpeedBoost",
		"?248k",
		"?BlueprintAlignment",
		"?CargoTrainManager",
		"?clusterio",
		"?Cursed-Exp",
		"?default-wait-conditions",
		"?diplomacy",
		"?Electronic_Locomotives",
		"?forces",
		"?Hive_Mind",
		"?Hive_Mind_Remastered",
		"?howfardiditgo",
		"?Kux-BlueprintEditor",
		"?Kux-HandcraftGhosts",
		"?Logistic-Machines",
		"?LogisticRequestManager",
		"?region-cloner",
		"?ResetEvolutionPollution",
		"?SchallOreConversion",
		"?Shuttle_Train_Continued",
		"?Simple_Circuit_Trains",
		"?smartchest",
		"?TeamCoop",
		"?homeworld_redux",
		"?Asteroid_Mining",
		"?m-lawful-evil",
		"?Trashcan",
		"?pycoalprocessing",
		"?RPG",
		"?SpawnControl",
		"?TimedSpawnControl",
		"?what-is-missing",
		"?advanced-logistics-system-fork",
		"?some-zoom",
		"?production-monitor",
		"?Teleportation_Redux",
		"?PersonalTeleporter",
		"?SchallEndgameEvolution"
	]
}
