{
	"name": "miniloader",
	"version": "1.14.6",
	"factorio_version": "1.1",
	"title": "Miniloader",
	"author": "Therax",
	"homepage": "https://forums.factorio.com/viewtopic.php?f=93&t=54343",
	"description": "Compact and UPS-friendly 1x1 loaders.  Works with train cargo wagons, circuits, filters, and Bob's faster belts.",
	"dependencies": [
		"(?) bobinserters >= 0.17.1",
		"? boblogistics >= 0.17.1",
		"? FactorioExtended-Plus-Transport >= 0.1.5",
		"? Krastorio2 >= 0.9.0",
		"? omnimatter_energy >= 3.1.0",
		"? RandomFactorioThings >= 1.0.0",
		"? UltimateBelts >= 0.16.4",
		"? UltimateBelts_Owoshima_And_Pankeko-Mod >= 0.16.4",
		"? space-exploration >= 0.1.95",
		"(?) SchallBeltConfiguration"
	]
}
