{
    "name": "train-throughput-estimator",
    "version": "1.0.1",
    "title": "Train Throughput Estimator",
    "author": "Maxreader",
    "contact": "",
    "homepage": "",
    "factorio_version": "1.1",
    "dependencies": ["? base >= 1.1.24", "flib >= 0.7.0"
    ],
    "description": "Estimates the throughput of a selected train configuration through an intersection, with other helpful statistics",
    "package": {
        "ignore": [
            ".gitattributes",
            ".gitignore",
            ".vscode/**",
            ".VSCodeCounter/"
        ]
    }
}