{
    "name": "fireproof-trains",
    "version": "1.0.3",
    "factorio_version": "1.1",
    "title": "Fireproof Trains",
    "author": "Alnet",
    "description": "Allow trains, cargo wagons, and fluid wagons, to drive through fire without taking damage. Should work with all modded train and wagon types as it's modifying any 'locomotive', 'cargo-wagon', 'fluid-wagon', and 'artillery-wagon' entiy types.",
    "homepage": "http://mods.factorio.com/mods/alnet/fireproof-trains",
    "date": "2020-01-25",
    "dependencies": ["base >= 1.1"]
}
